1,facebook,mz,mz@facebook.fb,,"2022-02-07",En cours
1,google,lp,lp@gmail.com,,"2022-02-07",En cours
15,Entreprise,Guillaume SOULAT,gsoulat31@gmail.com,"0664146450","2022-02-07",En cours
16,Microsoft,Micro Fan,iwant2workinmicrosoft@gmail.com,"12345647897","2022-02-07",En cours
5,Google,Simone Google,admin@google.com.fr,"1235456","2002-01-07",Refuser
5,IBM,Veronique Dubrulle,admin@ibm.com.fr,"0656987563","2002-01-07",En cours
16,Tree tree,Tyra Bank,admin@tree.com,"024569875","2022-02-07",En cours
6,Facebook,Johnny Depp,admin@facebook.com,"012365974","2022-02-07",En cours
7,Zodiac,Zodiac Killer,admin@zodiac.com,"01236789631","2022-02-07",Refuser
7,Horoscope,Michael Jackson,admin@horoscope.com,"0126969866","2022-02-07",En cours
7,Tree tree,Tyra Bank ,admin@tree.com,"024569875","2022-02-07",En cours
7,Xiaomi,Samuel Jackson,admin@xiaomi.com,"0588966622","2022-02-07",Alternance
8,Oversea Company,Ivy Notbatman,admin@company.com,"0159698755","2022-02-07",En cours
8,Microsoft,Micro Fan,iwant2workinmicrosoft@gmail.com,"12345647897","2022-02-07",En cours
8,SuperDry,Kiyoshi Tanaka,admin@superd.com,"05996332155","2022-02-07",En cours
9,Apple,Steven Job,notstevenjob@apple.com,"123589997788","2022-02-07",Refuser
9,CMG,Daniel Chang,admin@cmg.com,"0259666333","2022-02-07",En cours
9,Tree tree,Tyra Bank,admin@tree.com,"024569875","2022-02-07",Refuser
9,The Rock,Rock Standard,admin@rock.com,"04585966666","2022-02-07",En cours
10,Microsoft,Micro Fan,iwant2workinmicrosoft@gmail.com,"01236699","2022-02-07",En cours
10,I love animals,Animal Lover,admin@animal.com,"1205566446","2022-02-07",Alternance
10,Facebook,Johnny Depp,admin@facebook.com,"012365974","2022-02-07",En cours
6,Microsoft,Thomas D.,admin@microsoft.com,"0236547899","2022-02-07",Entertien
6,Samsung,Albus Dumbledore,admin@samsung,"056997889","2022-02-07",Alternance
10,IBM,Veronique Dubrulle,admin@ibm.com.fr,"0656987563","2022-02-07",En cours
11,Lord of the Rings ,Frodo Baggins,youshallnotpass@lotr.com,"0596962142","2022-02-07",Alternance
12,Singapore Sling,Petunia Dudley,admin@sling.com,"123456574897","2022-02-07",Alternance
15,Entreprise,Admin People,gsoulat31@gmail.com,"0664146450","2022-02-07",En cours
16,toto,titi,toto@titi.fr,"01020304050607",,Refuser
17,Monster Inc,Harry Potter,admin@monster.com,"12345646","2022-02-07",Alternance
19,Tupperware,Rainbow Unicorn,admin@tupperware.com,"12345648789","2022-02-07",Refuser
20,Orange,Orange Admin,admin@orange.com,"123456486","2022-02-07",Alternance
21,Figma,Yvonne Lee,admin@figma.com,"12345674897","2022-02-07",En cours
21,ERTYUIO Company,Hermione Granger,admin@company.com,"45648789451","2022-02-07",Alternance
22,ABC123,Prime Number ,admin@number.com,"123456877","2022-02-07",En cours
22,Rainbow Company,Mitch Pritchett,admin@company.com,"456789788","2022-02-07",En cours
